begin,Open,Close,High,Low,value,Volume,end
2023-01-03,141.6,141.78,143.25,141.56,3000247965.4,21098550,2023-01-03 23:59:59
2023-01-04,141.85,141.43,142.28,140.75,2419428972.3,17112740,2023-01-04 23:59:59
2023-01-05,141.6,141.27,141.84,140.54,2435171391.9,17245300,2023-01-05 23:59:59
2023-01-06,141.39,141.4,141.62,140.9,1504730792.2,10657600,2023-01-06 23:59:59
2023-01-09,141.83,142.4,142.99,141.65,4480148303.4,31449160,2023-01-09 23:59:59
2023-01-10,142.1,142.81,142.85,141.31,3368938055.0,23718180,2023-01-10 23:59:59
2023-01-11,142.97,149.96,149.98,142.87,18097145617.6,123147040,2023-01-11 23:59:59
2023-01-12,150.02,149.3,150.79,148.39,6982668294.2,46789300,2023-01-12 23:59:59
2023-01-13,149.58,151.69,153.28,147.71,13374657598.8,88520210,2023-01-13 23:59:59
2023-01-16,152.89,153.71,154.0,151.88,7920014161.8,51753920,2023-01-16 23:59:59
2023-01-17,154.0,150.45,154.31,150.01,12790444010.5,84404770,2023-01-17 23:59:59
2023-01-18,150.4,151.47,153.0,149.41,10235015056.8,67511970,2023-01-18 23:59:59
2023-01-19,151.2,149.34,152.85,148.56,10027708961.8,66813960,2023-01-19 23:59:59
2023-01-20,149.7,151.38,151.4,148.64,6633881321.1,44254820,2023-01-20 23:59:59
2023-01-23,151.9,153.5,154.1,151.01,8453400896.7,55198870,2023-01-23 23:59:59
2023-01-24,153.95,152.66,155.58,152.28,12126204920.9,78734130,2023-01-24 23:59:59
2023-01-25,152.45,152.81,153.6,151.5,6613609683.1,43376700,2023-01-25 23:59:59
2023-01-26,153.32,152.4,154.3,151.73,6966980467.7,45513320,2023-01-26 23:59:59
2023-01-27,152.4,153.2,153.48,151.69,5213964676.6,34123690,2023-01-27 23:59:59
2023-01-30,153.5,153.38,153.88,152.21,4760702156.6,31105220,2023-01-30 23:59:59
2023-01-31,153.51,158.07,158.18,153.3,12127748512.5,77890320,2023-01-31 23:59:59
2023-02-01,158.2,158.29,159.6,156.5,10480709146.9,66332200,2023-02-01 23:59:59
2023-02-02,158.4,159.45,160.29,157.37,8572049477.0,53866380,2023-02-02 23:59:59
2023-02-03,159.1,161.26,162.32,157.88,10193999216.9,63735330,2023-02-03 23:59:59
2023-02-06,161.78,167.09,167.17,161.01,14666403495.3,89083530,2023-02-06 23:59:59
2023-02-07,167.3,165.39,168.7,163.4,15345906260.6,92661570,2023-02-07 23:59:59
2023-02-08,165.0,164.15,166.35,162.7,9652989000.6,58669030,2023-02-08 23:59:59
2023-02-09,164.33,165.31,167.47,161.27,17608882957.8,107139220,2023-02-09 23:59:59
2023-02-10,165.0,165.52,166.49,164.5,6774229866.8,40924680,2023-02-10 23:59:59
2023-02-13,165.2,164.32,166.88,164.17,5995183185.7,36212200,2023-02-13 23:59:59
2023-02-14,164.3,161.86,164.38,161.64,9574244266.6,58832960,2023-02-14 23:59:59
2023-02-15,160.94,156.25,161.12,153.83,17992861042.9,113804160,2023-02-15 23:59:59
2023-02-16,157.33,158.22,159.3,156.25,10824261902.6,68549280,2023-02-16 23:59:59
2023-02-17,158.0,159.73,160.38,156.91,8295150283.0,52179940,2023-02-17 23:59:59
2023-02-20,159.41,160.09,161.3,156.73,10151613700.1,63971610,2023-02-20 23:59:59
2023-02-21,160.66,164.15,165.65,159.26,20810057510.7,127422480,2023-02-21 23:59:59
2023-02-22,164.13,163.37,164.42,162.5,7150966488.1,43772430,2023-02-22 23:59:59
2023-02-24,163.33,164.3,165.5,163.1,6199625787.6,37727230,2023-02-24 23:59:59
2023-02-27,163.52,169.95,170.0,162.96,16780738615.2,100133280,2023-02-27 23:59:59
2023-02-28,170.5,169.82,171.92,168.37,13727277947.9,80748140,2023-02-28 23:59:59
2023-03-01,170.4,170.53,171.66,169.5,9167860118.1,53784730,2023-03-01 23:59:59
2023-03-02,170.4,168.05,170.4,166.55,14517746431.3,86095640,2023-03-02 23:59:59
2023-03-03,168.17,171.16,171.26,167.9,8415476818.0,49566770,2023-03-03 23:59:59
2023-03-06,172.14,171.84,172.99,171.35,11111583412.4,64585290,2023-03-06 23:59:59
2023-03-07,171.87,174.01,174.2,171.0,9555925415.8,55287380,2023-03-07 23:59:59
2023-03-09,174.85,172.55,174.89,172.21,13943157257.4,80393110,2023-03-09 23:59:59
2023-03-10,171.55,172.53,173.0,170.58,8636905460.0,50256970,2023-03-10 23:59:59
2023-03-13,172.5,172.15,173.9,169.26,12709525433.5,74032280,2023-03-13 23:59:59
2023-03-14,171.61,175.71,176.95,171.01,15601317280.3,89325670,2023-03-14 23:59:59
2023-03-15,176.0,175.3,177.37,173.59,14010359713.1,79930290,2023-03-15 23:59:59
2023-03-16,174.94,175.45,176.04,173.36,8999771334.6,51534160,2023-03-16 23:59:59
2023-03-17,183.0,193.59,193.66,178.56,72487640689.1,388164850,2023-03-17 23:59:59
2023-03-20,196.02,203.73,205.09,195.0,31309861829.0,156714250,2023-03-20 23:59:59
2023-03-21,204.76,203.32,208.0,201.25,25112540900.7,122583960,2023-03-21 23:59:59
2023-03-22,203.4,202.89,204.4,201.59,11679333494.7,57568140,2023-03-22 23:59:59
2023-03-23,202.53,202.58,204.2,202.22,5415399866.5,26650230,2023-03-23 23:59:59
2023-03-24,202.86,203.57,203.85,202.0,4939230840.9,24325540,2023-03-24 23:59:59
2023-03-27,204.01,211.84,213.2,204.01,21191264384.4,101521380,2023-03-27 23:59:59
2023-03-28,212.86,214.03,214.7,210.67,15726501741.8,73901050,2023-03-28 23:59:59
2023-03-29,214.85,217.99,219.53,213.6,20980171180.8,96682530,2023-03-29 23:59:59
2023-03-30,217.3,216.87,218.45,216.12,8884287057.7,40886950,2023-03-30 23:59:59
2023-03-31,217.2,216.6,217.35,211.3,18878992953.8,88081360,2023-03-31 23:59:59
2023-04-03,218.45,216.09,219.44,214.8,11951820883.8,55175630,2023-04-03 23:59:59
2023-04-04,216.2,214.83,217.29,213.8,9882799399.6,45803380,2023-04-04 23:59:59
2023-04-05,214.65,216.15,216.3,211.4,9891663991.7,46177490,2023-04-05 23:59:59
2023-04-06,216.3,214.25,217.38,214.07,8425126719.9,39061450,2023-04-06 23:59:59
2023-04-07,214.5,216.27,216.39,213.65,6286417581.4,29198130,2023-04-07 23:59:59
2023-04-10,217.1,222.21,222.26,216.61,18737869518.4,85196000,2023-04-10 23:59:59
2023-04-11,222.9,218.6,223.33,217.62,21743759463.1,98538370,2023-04-11 23:59:59
2023-04-12,218.6,219.22,219.7,216.67,9773616806.2,44767540,2023-04-12 23:59:59
2023-04-13,219.49,219.85,220.89,218.0,7159179734.3,32672160,2023-04-13 23:59:59
2023-04-14,220.0,221.87,222.5,218.51,9554306584.3,43316040,2023-04-14 23:59:59
2023-04-17,222.98,228.1,228.2,222.91,17756638468.9,78797270,2023-04-17 23:59:59
2023-04-18,227.89,232.66,232.76,227.05,22454901978.8,97770120,2023-04-18 23:59:59
2023-04-19,232.67,232.95,237.37,231.1,27097765520.1,115713300,2023-04-19 23:59:59
2023-04-20,233.32,236.28,236.47,229.84,19879696925.7,85093750,2023-04-20 23:59:59
2023-04-21,237.4,235.17,238.85,233.52,27370731655.4,115905760,2023-04-21 23:59:59
2023-04-24,235.07,235.1,236.4,234.1,7185358111.2,30536770,2023-04-24 23:59:59
2023-04-25,235.13,235.3,235.82,234.21,7565048264.5,32187450,2023-04-25 23:59:59
2023-04-26,235.6,235.21,235.95,234.91,5751047264.4,24430320,2023-04-26 23:59:59
2023-04-27,235.59,240.38,240.74,235.13,16307607839.2,68311610,2023-04-27 23:59:59
2023-04-28,240.9,240.38,241.58,237.66,11892356487.7,49583350,2023-04-28 23:59:59
2023-05-02,242.2,242.62,245.0,237.4,20364151649.6,83957810,2023-05-02 23:59:59
2023-05-03,242.85,235.77,242.99,234.0,18372320194.5,76827180,2023-05-03 23:59:59
2023-05-04,236.89,238.89,239.74,236.05,12637521165.2,53079590,2023-05-04 23:59:59
2023-05-05,239.24,237.7,240.66,237.3,14683897982.1,61366140,2023-05-05 23:59:59
2023-05-08,238.69,238.27,239.86,237.36,11420605923.6,47865890,2023-05-08 23:59:59
2023-05-10,216.5,227.06,227.5,215.7,34751930179.7,156874740,2023-05-10 23:59:59
2023-05-11,228.87,229.32,235.38,223.94,45532596380.3,197302410,2023-05-11 23:59:59
2023-05-12,231.0,229.29,232.47,226.15,16140281925.4,70528170,2023-05-12 23:59:59
2023-05-15,230.51,231.7,231.75,228.52,11295223379.6,49090190,2023-05-15 23:59:59
2023-05-16,232.4,230.62,232.86,229.57,8446678565.3,36613690,2023-05-16 23:59:59
2023-05-17,229.86,230.55,230.97,228.75,7300922562.3,31770380,2023-05-17 23:59:59
2023-05-18,231.7,231.7,234.49,230.72,13063333221.1,56228190,2023-05-18 23:59:59
2023-05-19,230.99,231.27,232.3,229.81,7309847108.3,31639980,2023-05-19 23:59:59
2023-05-22,232.2,231.0,232.78,230.0,6122461335.3,26487190,2023-05-22 23:59:59
2023-05-23,231.25,236.43,237.29,230.21,14730893977.2,63010540,2023-05-23 23:59:59
2023-05-24,237.49,246.06,246.13,236.26,20714536176.6,86011970,2023-05-24 23:59:59
2023-05-25,246.1,243.76,247.4,242.65,17342598158.4,70882360,2023-05-25 23:59:59
2023-05-26,243.45,248.1,249.64,242.81,17064289810.3,69202730,2023-05-26 23:59:59
2023-05-29,249.78,251.18,252.59,248.85,17017721478.8,67999610,2023-05-29 23:59:59
2023-05-30,248.84,244.65,250.85,243.8,20681901312.6,83533260,2023-05-30 23:59:59
2023-05-31,244.0,246.17,247.18,240.27,17794062792.6,72912500,2023-05-31 23:59:59
2023-06-01,247.0,241.66,247.0,240.57,12670513593.5,52046910,2023-06-01 23:59:59
2023-06-02,242.0,243.95,245.5,240.77,11331232122.6,46542940,2023-06-02 23:59:59
2023-06-05,243.51,237.12,244.15,235.1,18897132269.5,78742190,2023-06-05 23:59:59
2023-06-06,235.92,240.91,242.1,232.54,23816658058.8,100640180,2023-06-06 23:59:59
2023-06-07,241.2,241.25,244.39,238.56,15268682081.7,63130930,2023-06-07 23:59:59
2023-06-08,241.3,241.77,242.78,239.55,7222971807.9,29945470,2023-06-08 23:59:59
2023-06-09,242.8,240.4,243.0,240.11,6659895379.3,27569100,2023-06-09 23:59:59
2023-06-13,241.51,244.33,244.5,240.63,9863948131.0,40551890,2023-06-13 23:59:59
2023-06-14,245.7,244.6,247.68,242.8,12822239153.4,52205640,2023-06-14 23:59:59
2023-06-15,245.11,245.18,245.94,243.22,9807475223.8,40063590,2023-06-15 23:59:59
2023-06-16,245.5,243.87,245.9,243.7,5729888135.6,23441160,2023-06-16 23:59:59
2023-06-19,244.47,242.28,244.69,241.32,7239082414.0,29844240,2023-06-19 23:59:59
2023-06-20,241.99,241.74,242.22,238.82,8820107717.8,36621960,2023-06-20 23:59:59
2023-06-21,241.9,242.2,243.92,240.6,6509866591.4,26830770,2023-06-21 23:59:59
2023-06-22,242.15,240.66,242.8,240.13,5590904541.9,23136750,2023-06-22 23:59:59
2023-06-23,239.98,235.67,240.99,234.34,14736944961.5,61886110,2023-06-23 23:59:59
2023-06-26,239.6,238.4,240.5,233.4,19509065518.1,82016390,2023-06-26 23:59:59
2023-06-27,239.02,241.21,242.34,236.8,12350836600.0,51466410,2023-06-27 23:59:59
2023-06-28,241.8,239.67,241.8,238.6,6793968901.0,28310570,2023-06-28 23:59:59
2023-06-29,239.94,239.99,241.26,239.02,6771141228.4,28192150,2023-06-29 23:59:59
2023-06-30,240.0,239.61,240.68,238.36,5759887900.0,24051460,2023-06-30 23:59:59
2023-07-03,240.0,243.33,244.56,239.15,11469844958.6,47333310,2023-07-03 23:59:59
2023-07-04,243.4,240.7,243.78,240.61,10055387487.4,41561500,2023-07-04 23:59:59
2023-07-05,241.49,240.95,241.9,240.24,4814047501.4,19972080,2023-07-05 23:59:59
2023-07-06,241.47,240.96,242.47,240.71,5618736214.0,23260340,2023-07-06 23:59:59
2023-07-07,241.49,243.67,243.75,240.7,7332444797.9,30275210,2023-07-07 23:59:59
2023-07-10,244.21,249.4,249.45,244.2,16071729444.1,65076680,2023-07-10 23:59:59
2023-07-11,250.01,247.99,250.2,246.51,12299322430.2,49590820,2023-07-11 23:59:59
2023-07-12,248.4,247.52,249.2,246.1,9753032391.9,39316540,2023-07-12 23:59:59
2023-07-13,247.97,246.19,248.15,245.34,7288359089.4,29561460,2023-07-13 23:59:59
2023-07-14,246.32,246.45,247.05,244.51,6311038243.1,25661560,2023-07-14 23:59:59
2023-07-17,244.77,245.39,246.2,243.6,8878816493.1,36193390,2023-07-17 23:59:59
2023-07-18,245.8,246.77,247.5,245.26,8881118332.9,36008340,2023-07-18 23:59:59
2023-07-19,247.25,245.85,248.1,245.0,7752930513.8,31451760,2023-07-19 23:59:59
2023-07-20,246.27,242.7,246.27,242.15,8801178563.7,36027010,2023-07-20 23:59:59
2023-07-21,243.18,244.13,244.53,241.7,7857419374.2,32271770,2023-07-21 23:59:59
2023-07-24,244.0,244.87,245.85,243.52,4841185545.1,19769440,2023-07-24 23:59:59
2023-07-25,245.48,247.2,247.77,244.81,9802524256.7,39733390,2023-07-25 23:59:59
2023-07-26,247.2,247.05,248.33,245.9,6452766655.3,26119270,2023-07-26 23:59:59
2023-07-27,247.5,247.95,249.3,247.24,9888953807.4,39793470,2023-07-27 23:59:59
2023-07-28,248.0,249.25,249.45,246.67,8882595853.3,35776620,2023-07-28 23:59:59
2023-07-31,251.33,267.4,267.77,251.33,43588329451.2,167914420,2023-07-31 23:59:59
2023-08-01,269.0,268.5,273.35,264.1,43867907028.7,162988910,2023-08-01 23:59:59
2023-08-02,268.5,268.57,269.97,266.52,12994793534.9,48418320,2023-08-02 23:59:59
2023-08-03,269.0,269.11,271.35,266.8,20410042951.8,75757120,2023-08-03 23:59:59
2023-08-04,269.48,264.12,272.96,261.21,35356837729.0,132212230,2023-08-04 23:59:59
2023-08-07,266.54,261.92,268.09,260.5,16298932253.3,61531090,2023-08-07 23:59:59
2023-08-08,261.92,264.62,265.44,258.8,17041697177.0,65114820,2023-08-08 23:59:59
2023-08-09,265.47,263.91,265.8,263.05,9249536249.7,34994150,2023-08-09 23:59:59
2023-08-10,264.73,266.91,267.5,263.96,9917152046.2,37292060,2023-08-10 23:59:59
2023-08-11,267.26,266.23,267.4,264.8,6609842078.6,24846460,2023-08-11 23:59:59
2023-08-14,267.37,260.45,268.77,259.15,22902790188.0,86724810,2023-08-14 23:59:59
2023-08-15,259.0,260.42,264.17,256.63,15503423730.3,59232630,2023-08-15 23:59:59
2023-08-16,261.29,256.02,261.68,254.33,18480740234.3,71823620,2023-08-16 23:59:59
2023-08-17,257.15,258.5,258.8,255.5,9242381700.9,35937920,2023-08-17 23:59:59
2023-08-18,258.4,261.14,261.37,257.35,8050824110.9,31064600,2023-08-18 23:59:59
2023-08-21,262.44,261.15,263.06,259.51,9346055970.9,35766040,2023-08-21 23:59:59
2023-08-22,261.92,261.45,262.11,259.81,6769122940.9,25953320,2023-08-22 23:59:59
2023-08-23,261.5,256.4,261.83,256.0,13720905467.1,53116160,2023-08-23 23:59:59
2023-08-24,257.63,259.63,259.94,256.4,6959479100.0,26979270,2023-08-24 23:59:59
2023-08-25,258.8,260.5,261.6,257.61,7426717866.2,28575150,2023-08-25 23:59:59
2023-08-28,261.32,266.93,267.83,260.81,15334069568.9,57897070,2023-08-28 23:59:59
2023-08-29,266.7,265.68,267.56,265.14,9425505447.3,35407330,2023-08-29 23:59:59
2023-08-30,265.68,264.7,267.36,263.1,10237031481.4,38604380,2023-08-30 23:59:59
2023-08-31,265.04,264.85,266.25,264.3,5993343768.2,22582290,2023-08-31 23:59:59
2023-09-01,265.4,265.0,265.62,264.06,5100561546.5,19265170,2023-09-01 23:59:59
2023-09-04,266.5,267.39,269.11,266.0,12877036020.6,48140770,2023-09-04 23:59:59
2023-09-05,266.74,264.75,267.98,261.09,10571300705.4,39811860,2023-09-05 23:59:59
2023-09-06,264.33,263.5,264.68,262.31,7464966620.5,28341890,2023-09-06 23:59:59
2023-09-07,263.69,258.79,264.97,256.1,17586948788.7,67688600,2023-09-07 23:59:59
2023-09-08,258.08,255.68,259.33,253.1,12703139529.3,49562810,2023-09-08 23:59:59
2023-09-11,257.0,256.25,258.37,255.16,11118810652.0,43282460,2023-09-11 23:59:59
2023-09-12,257.7,262.4,262.4,257.09,11734500325.7,45160820,2023-09-12 23:59:59
2023-09-13,262.4,258.18,262.77,257.59,7819067326.6,30051360,2023-09-13 23:59:59
2023-09-14,258.9,260.0,261.38,255.02,11926823552.1,46227900,2023-09-14 23:59:59
2023-09-15,259.65,260.83,262.74,258.56,9278013469.0,35581630,2023-09-15 23:59:59
2023-09-18,262.02,259.07,263.0,258.76,7570774955.6,29037560,2023-09-18 23:59:59
2023-09-19,258.99,252.72,259.32,251.5,22788038781.3,89551540,2023-09-19 23:59:59
2023-09-20,252.8,253.77,255.47,249.82,16916624771.2,66831270,2023-09-20 23:59:59
2023-09-21,252.87,250.16,254.2,249.81,14795034218.3,58913730,2023-09-21 23:59:59
2023-09-22,249.85,251.99,253.1,248.62,10243374236.0,40714900,2023-09-22 23:59:59
2023-09-25,252.0,252.65,253.49,249.83,8008924561.2,31863690,2023-09-25 23:59:59
2023-09-26,252.13,255.87,257.17,250.9,10912472469.6,42960400,2023-09-26 23:59:59
2023-09-27,256.2,256.1,257.85,254.63,7148789525.8,27880630,2023-09-27 23:59:59
2023-09-28,256.4,257.67,258.25,255.5,6771650933.6,26331160,2023-09-28 23:59:59
2023-09-29,258.0,260.72,262.59,256.71,17870619137.4,68533310,2023-09-29 23:59:59
2023-10-02,261.37,258.98,261.92,257.03,9234131821.3,35574470,2023-10-02 23:59:59
2023-10-03,258.99,259.65,260.5,257.23,6193849314.7,23911430,2023-10-03 23:59:59
2023-10-04,259.0,259.53,260.39,258.24,4816207232.0,18571620,2023-10-04 23:59:59
2023-10-05,260.7,259.38,261.39,258.26,6111704653.5,23501620,2023-10-05 23:59:59
2023-10-06,259.77,262.93,263.4,257.86,8338546572.1,32001280,2023-10-06 23:59:59
2023-10-09,263.0,265.25,265.97,263.0,12036758886.8,45447720,2023-10-09 23:59:59
2023-10-10,264.89,263.0,265.18,257.0,8962447421.9,34001290,2023-10-10 23:59:59
2023-10-11,263.3,260.21,263.99,259.5,7743000723.4,29495790,2023-10-11 23:59:59
2023-10-12,260.0,264.5,264.5,259.66,7233267191.0,27549160,2023-10-12 23:59:59
2023-10-13,264.89,263.51,265.04,262.7,4851837828.5,18408670,2023-10-13 23:59:59
2023-10-16,264.0,268.15,269.2,263.51,14344201420.1,53723180,2023-10-16 23:59:59
2023-10-17,268.3,270.0,271.97,266.91,13825850433.3,51214360,2023-10-17 23:59:59
2023-10-18,270.0,267.9,271.19,266.11,10845314693.3,40380530,2023-10-18 23:59:59
2023-10-19,267.13,268.65,271.0,266.28,9007682323.1,33532880,2023-10-19 23:59:59
2023-10-20,268.5,269.8,270.3,266.5,8836450519.3,32879730,2023-10-20 23:59:59
2023-10-23,270.45,270.1,274.1,269.65,16984291674.3,62432160,2023-10-23 23:59:59
2023-10-24,270.0,271.27,272.06,268.62,7588324230.3,28029860,2023-10-24 23:59:59
2023-10-25,271.5,273.73,274.96,270.53,11415367308.1,41830970,2023-10-25 23:59:59
2023-10-26,274.11,269.9,276.0,269.12,16225541281.4,59497750,2023-10-26 23:59:59
2023-10-27,269.93,269.7,271.98,266.8,13403054524.8,49779630,2023-10-27 23:59:59
2023-10-30,269.9,269.89,271.55,268.6,9008697112.8,33345990,2023-10-30 23:59:59
2023-10-31,270.0,268.35,270.5,266.87,7029773669.2,26210450,2023-10-31 23:59:59
2023-11-01,268.29,269.68,270.3,267.6,5549754579.7,20609480,2023-11-01 23:59:59
2023-11-02,270.0,269.06,270.98,268.5,6944685370.1,25751530,2023-11-02 23:59:59
2023-11-03,269.07,268.54,269.78,267.2,5636878200.6,20981280,2023-11-03 23:59:59
2023-11-06,269.0,273.42,273.87,268.62,7958186555.7,29274160,2023-11-06 23:59:59
2023-11-07,273.01,273.31,274.78,272.2,8823191181.7,32275170,2023-11-07 23:59:59
2023-11-08,273.64,278.15,278.35,273.28,16058628329.9,58032670,2023-11-08 23:59:59
2023-11-09,278.6,276.65,278.85,276.02,7882378166.5,28430630,2023-11-09 23:59:59
2023-11-10,276.99,280.19,281.3,276.6,12486368414.0,44643290,2023-11-10 23:59:59
2023-11-13,280.4,283.97,284.8,280.32,12987568839.3,45887770,2023-11-13 23:59:59
2023-11-14,283.7,280.87,283.88,280.54,11420870892.9,40484810,2023-11-14 23:59:59
2023-11-15,280.87,282.89,283.93,278.51,11759519733.3,41837690,2023-11-15 23:59:59
2023-11-16,282.4,279.7,283.69,279.56,6960894309.1,24696600,2023-11-16 23:59:59
2023-11-17,279.7,281.6,282.5,278.66,8802030848.8,31322320,2023-11-17 23:59:59
2023-11-20,281.96,282.91,284.2,281.61,7159259895.1,25291010,2023-11-20 23:59:59
2023-11-21,282.3,282.79,283.82,281.66,5398749981.4,19099390,2023-11-21 23:59:59
2023-11-22,283.12,286.16,286.67,282.85,13495087731.8,47296890,2023-11-22 23:59:59
2023-11-23,286.16,286.19,287.77,285.04,7943750424.6,27724080,2023-11-23 23:59:59
2023-11-24,286.49,286.85,287.5,285.11,7464158319.9,26067870,2023-11-24 23:59:59
2023-11-27,287.4,282.33,289.0,278.88,22471824107.9,79146090,2023-11-27 23:59:59
2023-11-28,282.4,279.91,282.51,277.32,12723607276.7,45507410,2023-11-28 23:59:59
2023-11-29,279.36,276.8,280.56,276.2,8285652355.3,29820830,2023-11-29 23:59:59
2023-11-30,276.7,277.5,278.65,272.75,15391411364.4,55873540,2023-11-30 23:59:59
2023-12-01,277.0,273.97,277.98,273.55,8726777005.9,31660970,2023-12-01 23:59:59
2023-12-04,273.6,270.96,274.95,270.52,10274823032.6,37700740,2023-12-04 23:59:59
2023-12-05,271.98,279.62,279.65,270.54,12898716767.4,46892570,2023-12-05 23:59:59
2023-12-06,279.92,267.58,280.79,266.83,27232146023.6,100020030,2023-12-06 23:59:59
2023-12-07,267.62,265.12,270.44,263.06,16923520867.1,63564530,2023-12-07 23:59:59
2023-12-08,266.0,265.16,268.23,263.72,9405705680.8,35364310,2023-12-08 23:59:59
2023-12-11,265.17,256.89,266.47,254.81,20147540396.1,77668070,2023-12-11 23:59:59
2023-12-12,256.79,257.6,262.88,255.05,16571022504.0,63932170,2023-12-12 23:59:59
2023-12-13,257.6,260.45,261.39,256.5,7735550777.2,29836400,2023-12-13 23:59:59
2023-12-14,261.4,256.64,262.75,255.58,10532813145.4,40549660,2023-12-14 23:59:59
2023-12-15,256.6,268.21,268.91,256.6,22341539421.4,84668740,2023-12-15 23:59:59
2023-12-18,268.93,268.4,270.44,266.54,13852221892.9,51602470,2023-12-18 23:59:59
2023-12-19,268.38,267.35,269.71,265.0,10231074172.7,38287810,2023-12-19 23:59:59
2023-12-20,267.51,266.61,269.1,266.2,8324805931.0,31094000,2023-12-20 23:59:59
2023-12-21,266.4,265.19,266.87,263.5,8829664891.8,33301420,2023-12-21 23:59:59
2023-12-22,266.06,271.3,271.9,265.37,15866126899.5,58724860,2023-12-22 23:59:59
2023-12-25,271.72,271.08,273.85,270.05,10373920560.6,38115690,2023-12-25 23:59:59
2023-12-26,271.0,271.9,272.89,270.0,6150168906.6,22658320,2023-12-26 23:59:59
2023-12-27,271.9,271.08,272.59,270.85,4676446141.7,17214050,2023-12-27 23:59:59
2023-12-28,270.92,271.74,272.48,268.52,7965183378.6,29439730,2023-12-28 23:59:59
2023-12-29,272.19,270.82,272.59,270.55,5650210977.5,20810540,2023-12-29 23:59:59
2024-01-03,271.9,274.56,274.7,271.0,5631304882.5,20586020,2024-01-03 23:59:59
2024-01-04,274.67,274.12,275.48,273.7,3218187919.1,11729380,2024-01-04 23:59:59
2024-01-05,274.3,273.62,274.69,272.8,2634959748.5,9635550,2024-01-05 23:59:59
2024-01-08,273.6,276.76,277.0,273.53,5924626062.4,21489440,2024-01-08 23:59:59
2024-01-09,276.97,275.28,278.0,274.71,5601231460.4,20316030,2024-01-09 23:59:59
2024-01-10,275.3,274.49,276.16,273.64,5689654961.5,20660410,2024-01-10 23:59:59
2024-01-11,274.78,275.71,275.97,274.01,5370898109.7,19526030,2024-01-11 23:59:59
2024-01-12,276.0,275.84,276.96,274.77,4882061544.1,17702040,2024-01-12 23:59:59
2024-01-15,276.45,275.96,277.73,275.21,5915980754.2,21397690,2024-01-15 23:59:59
2024-01-16,276.22,276.01,276.45,274.1,4434943891.0,16110240,2024-01-16 23:59:59
2024-01-17,276.02,278.0,279.17,275.75,9523371870.2,34256680,2024-01-17 23:59:59
2024-01-18,278.24,277.07,278.87,276.76,4914788384.0,17701680,2024-01-18 23:59:59
2024-01-19,277.39,274.86,277.47,273.55,7719165768.4,28052580,2024-01-19 23:59:59
2024-01-22,274.86,274.93,275.9,273.85,4149254623.1,15086860,2024-01-22 23:59:59
2024-01-23,274.7,275.9,277.26,274.31,5551653286.2,20092540,2024-01-23 23:59:59
2024-01-24,275.9,273.77,276.44,273.7,5547156811.6,20203730,2024-01-24 23:59:59
2024-01-25,274.0,272.81,274.18,271.55,6660096921.1,24436130,2024-01-25 23:59:59
2024-01-26,273.1,272.65,273.72,272.21,3039687676.7,11131250,2024-01-26 23:59:59
2024-01-29,273.02,274.05,274.95,272.7,4686446978.0,17095190,2024-01-29 23:59:59
2024-01-30,274.01,275.67,277.25,273.97,7510055141.5,27236150,2024-01-30 23:59:59
2024-01-31,275.84,276.0,276.45,275.0,3458231052.6,12543740,2024-01-31 23:59:59
2024-02-01,276.03,276.86,277.75,275.93,4424105623.2,15976730,2024-02-01 23:59:59
2024-02-02,277.0,276.74,277.3,276.0,3517688565.9,12718190,2024-02-02 23:59:59
2024-02-05,277.0,277.84,278.57,276.9,4459688600.3,16056990,2024-02-05 23:59:59
2024-02-06,278.0,278.67,278.99,277.3,4441542937.6,15960270,2024-02-06 23:59:59
2024-02-07,278.82,284.41,284.5,278.81,12797141132.2,45372390,2024-02-07 23:59:59
2024-02-08,284.52,282.17,286.24,281.25,12521153866.4,44132450,2024-02-08 23:59:59
2024-02-09,282.17,283.5,284.0,281.5,6900413037.7,24378920,2024-02-09 23:59:59
2024-02-12,283.66,287.28,287.84,283.5,9693906269.9,33890070,2024-02-12 23:59:59
2024-02-13,287.52,287.07,289.0,285.4,9560948260.2,33307500,2024-02-13 23:59:59
2024-02-14,287.07,289.06,290.6,286.84,10376406284.2,35874260,2024-02-14 23:59:59
2024-02-15,289.3,290.24,290.45,287.63,7491686110.6,25912290,2024-02-15 23:59:59
2024-02-16,290.47,288.33,292.3,286.25,15460455301.4,53446950,2024-02-16 23:59:59
2024-02-19,288.51,288.93,289.98,287.07,7030472390.0,24327480,2024-02-19 23:59:59
2024-02-20,289.2,283.9,289.28,283.29,12882360699.8,44972610,2024-02-20 23:59:59
2024-02-21,283.9,282.0,285.28,280.2,13832083001.2,48915360,2024-02-21 23:59:59
2024-02-22,282.1,284.77,285.05,282.1,7137276375.2,25175120,2024-02-22 23:59:59
2024-02-26,288.52,291.25,291.3,287.0,12435377754.3,42969530,2024-02-26 23:59:59
2024-02-27,291.35,292.52,293.0,290.55,9488019001.0,32504830,2024-02-27 23:59:59
2024-02-28,292.6,291.75,293.95,289.75,14423329993.4,49330680,2024-02-28 23:59:59
2024-02-29,292.31,292.19,293.2,291.3,6562891480.7,22436940,2024-02-29 23:59:59
2024-03-01,292.2,295.38,295.88,292.2,7970692143.2,27129280,2024-03-01 23:59:59
2024-03-04,295.87,299.17,299.5,295.8,12107585572.0,40609910,2024-03-04 23:59:59
2024-03-05,299.33,298.4,300.41,297.57,12488922816.8,41756340,2024-03-05 23:59:59
2024-03-06,298.2,297.71,299.33,296.82,5293866478.8,17756170,2024-03-06 23:59:59
2024-03-07,297.72,300.4,300.58,297.24,6570159861.5,21982790,2024-03-07 23:59:59
2024-03-11,301.0,299.79,302.95,298.5,12573478353.0,41781940,2024-03-11 23:59:59
2024-03-12,299.6,300.9,301.07,297.34,8607354015.3,28743980,2024-03-12 23:59:59
2024-03-13,301.2,298.85,301.49,298.7,7202085490.6,24012100,2024-03-13 23:59:59
2024-03-14,298.5,295.83,298.7,295.14,12524056211.8,42205930,2024-03-14 23:59:59
2024-03-15,295.71,298.3,299.44,295.29,7760549517.4,26040280,2024-03-15 23:59:59
2024-03-18,299.4,298.87,299.98,297.63,6067059310.3,20281860,2024-03-18 23:59:59
2024-03-19,298.3,295.2,299.4,294.21,17713321524.8,59714940,2024-03-19 23:59:59
2024-03-20,295.3,295.4,296.88,293.52,9072637303.8,30703230,2024-03-20 23:59:59
2024-03-21,295.99,295.62,297.3,291.8,20813977282.9,70680800,2024-03-21 23:59:59
2024-03-22,295.77,292.99,296.79,291.05,14416754330.6,48982100,2024-03-22 23:59:59
2024-03-25,294.0,293.9,294.93,292.13,7506770037.9,25567820,2024-03-25 23:59:59
2024-03-26,294.5,294.11,295.82,293.04,4794328486.1,16295560,2024-03-26 23:59:59
2024-03-27,294.47,295.1,295.11,293.47,4286276310.5,14560090,2024-03-27 23:59:59
2024-03-28,295.5,299.0,299.3,295.5,10034947247.5,33675160,2024-03-28 23:59:59
2024-03-29,299.38,298.72,299.5,298.0,5288501325.2,17705950,2024-03-29 23:59:59
2024-04-01,300.0,300.43,301.65,299.5,8612449823.1,28662870,2024-04-01 23:59:59
2024-04-02,300.43,300.38,300.99,298.95,5995530685.0,19980460,2024-04-02 23:59:59
2024-04-03,300.4,306.72,307.13,300.17,17732924741.7,58228980,2024-04-03 23:59:59
2024-04-04,306.8,304.61,307.77,304.36,8884912105.9,29074900,2024-04-04 23:59:59
2024-04-05,304.62,306.1,306.5,303.7,5915523146.6,19355990,2024-04-05 23:59:59
2024-04-08,306.5,307.75,308.6,306.22,7656859212.5,24899610,2024-04-08 23:59:59
2024-04-09,308.1,306.76,309.35,305.51,9857166056.7,32044440,2024-04-09 23:59:59
2024-04-10,306.76,306.48,307.14,304.62,6331291824.7,20682180,2024-04-10 23:59:59
2024-04-11,306.7,306.95,308.0,305.7,6298575558.1,20527000,2024-04-11 23:59:59
2024-04-12,307.4,307.1,307.87,306.3,4920099637.9,16025300,2024-04-12 23:59:59
2024-04-15,307.47,307.99,308.39,306.64,6381167168.7,20746510,2024-04-15 23:59:59
2024-04-16,308.0,308.29,308.65,307.0,5273954891.3,17135850,2024-04-16 23:59:59
2024-04-17,308.65,306.59,309.74,305.91,8679485717.7,28227330,2024-04-17 23:59:59
2024-04-18,306.01,307.99,308.29,305.05,6264315854.3,20387560,2024-04-18 23:59:59
2024-04-19,308.0,307.38,308.38,306.8,4482220740.8,14578320,2024-04-19 23:59:59
2024-04-22,308.0,314.99,315.0,307.38,21503352871.0,69006740,2024-04-22 23:59:59
2024-04-23,315.39,307.39,315.79,306.26,28881328913.5,92863630,2024-04-23 23:59:59
2024-04-24,307.5,307.94,309.79,306.65,8189808740.4,26557490,2024-04-24 23:59:59
2024-04-25,307.95,308.41,309.07,307.45,4916605561.8,15946760,2024-04-25 23:59:59
2024-04-26,308.5,309.0,309.9,308.0,6538760959.0,21146360,2024-04-26 23:59:59
2024-04-27,309.25,308.98,309.99,308.7,4055173632.8,13111060,2024-04-27 23:59:59
2024-04-29,309.14,308.97,309.6,307.65,3092125081.6,10025690,2024-04-29 23:59:59
2024-04-30,309.19,308.24,309.49,308.03,1844647205.8,5980690,2024-04-30 23:59:59
2024-05-02,308.7,307.37,309.19,306.8,5006399567.2,16262520,2024-05-02 23:59:59
2024-05-03,307.11,307.53,308.29,304.34,9339424027.0,30466990,2024-05-03 23:59:59
2024-05-06,308.1,306.01,308.1,305.55,5890819811.7,19203550,2024-05-06 23:59:59
2024-05-07,306.23,308.22,308.87,306.21,5112444401.6,16616810,2024-05-07 23:59:59
2024-05-08,308.41,311.21,311.83,308.08,10529373347.6,33881400,2024-05-08 23:59:59
2024-05-10,311.5,313.49,313.5,311.31,5230529723.5,16715650,2024-05-10 23:59:59
2024-05-13,314.1,314.85,315.7,314.04,6839146524.5,21712460,2024-05-13 23:59:59
2024-05-14,315.0,318.12,318.41,313.58,11154192130.2,35247320,2024-05-14 23:59:59
2024-05-15,318.2,319.7,320.16,317.7,9056860789.1,28351820,2024-05-15 23:59:59
2024-05-16,320.0,322.91,322.91,320.0,8952630927.5,27847220,2024-05-16 23:59:59
2024-05-17,322.96,323.16,323.5,320.02,7859033926.8,24398590,2024-05-17 23:59:59
2024-05-20,324.0,321.08,324.85,318.94,11817360016.0,36736790,2024-05-20 23:59:59
2024-05-21,320.88,320.64,322.23,318.0,10876485461.1,34019460,2024-05-21 23:59:59
2024-05-22,320.8,322.93,323.1,320.8,6011980649.9,18651840,2024-05-22 23:59:59
2024-05-23,322.8,323.54,324.0,321.23,5768287058.1,17865490,2024-05-23 23:59:59
2024-05-24,323.83,321.0,324.48,319.78,8554310667.2,26594700,2024-05-24 23:59:59
2024-05-27,321.01,317.09,321.95,315.5,14541663957.6,45712960,2024-05-27 23:59:59
2024-05-28,317.5,318.22,320.9,315.82,9627673836.0,30187790,2024-05-28 23:59:59
2024-05-29,318.25,320.38,320.4,315.92,7313974807.4,22989260,2024-05-29 23:59:59
2024-05-30,320.91,316.63,321.55,316.0,8605178038.5,27005390,2024-05-30 23:59:59
2024-05-31,316.0,313.11,318.49,309.8,15479042373.3,49206450,2024-05-31 23:59:59
2024-06-03,313.5,310.95,315.5,305.0,19130763055.2,61860770,2024-06-03 23:59:59
2024-06-04,310.98,316.49,316.5,308.8,10346962905.5,33070240,2024-06-04 23:59:59
2024-06-05,316.63,314.72,318.28,313.85,8793190541.6,27792110,2024-06-05 23:59:59
2024-06-06,314.7,313.08,316.45,311.15,8883619041.5,28328920,2024-06-06 23:59:59
2024-06-07,313.8,319.9,320.64,312.73,14157276798.3,44484260,2024-06-07 23:59:59
2024-06-10,320.8,317.28,321.98,315.21,8400530697.5,26344630,2024-06-10 23:59:59
2024-06-11,317.5,317.8,319.84,315.88,6377952742.9,20064950,2024-06-11 23:59:59
2024-06-13,305.7,317.71,317.82,304.14,12977584451.7,41281520,2024-06-13 23:59:59
2024-06-14,317.8,319.35,320.7,316.2,6849866414.7,21488970,2024-06-14 23:59:59
2024-06-17,320.0,317.65,320.45,316.85,4932076583.1,15476190,2024-06-17 23:59:59
2024-06-18,317.65,314.34,318.0,313.02,6947091443.3,22024090,2024-06-18 23:59:59
2024-06-19,314.38,310.7,314.78,307.51,13105247559.5,42183660,2024-06-19 23:59:59
2024-06-20,310.7,314.15,314.72,306.02,22616269152.5,72789950,2024-06-20 23:59:59
2024-06-21,315.0,314.14,316.0,312.6,9152147994.0,29116600,2024-06-21 23:59:59
2024-06-24,314.7,317.25,319.0,314.14,9387538945.4,29607080,2024-06-24 23:59:59
2024-06-25,317.5,319.8,319.89,316.28,8270536250.9,25978180,2024-06-25 23:59:59
2024-06-26,320.1,324.55,324.56,319.8,13721465556.5,42491110,2024-06-26 23:59:59
2024-06-27,324.8,327.16,327.83,322.63,15221129798.9,46771370,2024-06-27 23:59:59
2024-06-28,327.87,327.15,329.3,325.8,13250355870.2,40451800,2024-06-28 23:59:59
2024-07-01,327.64,327.1,329.0,326.25,10396387155.0,31710510,2024-07-01 23:59:59
2024-07-02,327.35,328.37,328.87,326.82,6941082279.2,21155650,2024-07-02 23:59:59
2024-07-03,328.58,328.2,330.45,327.0,10584686930.8,32156700,2024-07-03 23:59:59
2024-07-04,328.39,324.66,329.57,323.81,13317132561.5,40766110,2024-07-04 23:59:59
2024-07-05,324.71,325.0,327.0,321.01,13096717923.0,40433010,2024-07-05 23:59:59
2024-07-08,325.76,324.07,327.44,323.74,9025370831.1,27756900,2024-07-08 23:59:59
2024-07-09,324.3,319.99,325.33,317.5,17436610896.9,54199810,2024-07-09 23:59:59
2024-07-10,319.0,316.68,320.3,314.3,28065530252.0,88512550,2024-07-10 23:59:59
2024-07-11,289.96,295.87,296.98,285.22,48738315678.7,168030600,2024-07-11 23:59:59
2024-07-12,296.0,292.21,297.48,290.97,14669454270.5,49999170,2024-07-12 23:59:59
2024-07-15,293.0,284.38,293.86,283.5,16923746968.1,58737560,2024-07-15 23:59:59
2024-07-16,284.49,285.25,285.69,276.7,23286385147.6,82870860,2024-07-16 23:59:59
2024-07-17,285.84,284.68,289.96,283.23,12284503604.5,42824670,2024-07-17 23:59:59
2024-07-18,284.68,289.83,289.99,282.73,9784301935.1,34090360,2024-07-18 23:59:59
2024-07-19,290.67,289.9,292.58,289.2,9026251889.6,31022060,2024-07-19 23:59:59
2024-07-22,291.0,294.71,294.95,291.0,9779002585.2,33386610,2024-07-22 23:59:59
2024-07-23,295.47,294.39,295.48,293.36,6529116896.2,22190840,2024-07-23 23:59:59
2024-07-24,294.39,295.69,296.67,293.2,7263003449.2,24565710,2024-07-24 23:59:59
2024-07-25,295.69,296.37,297.3,294.2,6768216500.8,22868740,2024-07-25 23:59:59
2024-07-26,296.4,293.3,300.0,292.67,25147137351.5,84909830,2024-07-26 23:59:59
2024-07-29,293.0,286.58,293.0,286.0,15134258844.7,52445850,2024-07-29 23:59:59
2024-07-30,286.5,290.0,291.99,284.32,12290569982.7,42572480,2024-07-30 23:59:59
2024-07-31,290.47,289.3,291.2,288.01,7524943880.7,25974520,2024-07-31 23:59:59
2024-08-01,289.87,287.21,290.69,287.04,5391099058.0,18646450,2024-08-01 23:59:59
2024-08-02,287.21,286.04,287.99,284.37,8601524731.8,30086580,2024-08-02 23:59:59
2024-08-05,282.79,275.49,283.46,275.17,22871130952.3,82141460,2024-08-05 23:59:59
2024-08-06,277.01,279.4,281.16,276.35,12169833605.6,43600150,2024-08-06 23:59:59
2024-08-07,280.0,282.2,283.27,277.21,13599338250.0,48494490,2024-08-07 23:59:59
2024-08-08,283.4,281.09,285.42,280.0,12008636097.6,42425830,2024-08-08 23:59:59
2024-08-09,281.0,281.44,282.67,279.62,6275073796.0,22302730,2024-08-09 23:59:59
2024-08-12,280.01,280.74,281.5,278.03,7768907946.4,27767330,2024-08-12 23:59:59
2024-08-13,281.05,283.92,284.33,280.42,6791087827.3,24058790,2024-08-13 23:59:59
2024-08-14,284.3,280.32,284.7,280.12,6148973531.0,21757040,2024-08-14 23:59:59
2024-08-15,280.5,278.01,280.85,276.73,7984061069.2,28665290,2024-08-15 23:59:59
2024-08-16,278.05,274.6,279.0,274.32,7255848404.4,26195850,2024-08-16 23:59:59
2024-08-19,275.0,268.17,275.56,265.02,18530524836.8,68626200,2024-08-19 23:59:59
2024-08-20,268.35,266.2,269.49,263.36,14489552806.6,54276130,2024-08-20 23:59:59
2024-08-21,266.2,266.93,267.8,263.86,9866186881.8,37127480,2024-08-21 23:59:59
2024-08-22,266.93,261.6,268.5,260.15,12655851217.7,47907530,2024-08-22 23:59:59
2024-08-23,261.61,259.5,262.8,255.56,19878279030.4,76719180,2024-08-23 23:59:59
2024-08-26,263.55,265.39,266.95,261.54,13205967280.5,49974250,2024-08-26 23:59:59
2024-08-27,265.83,260.5,266.07,259.82,8495741636.8,32345170,2024-08-27 23:59:59
2024-08-28,259.9,262.47,262.47,254.99,12416454599.4,47867970,2024-08-28 23:59:59
2024-08-29,262.58,260.31,264.19,258.36,9085153605.5,34802250,2024-08-29 23:59:59
2024-08-30,260.5,254.45,261.8,254.0,11826212287.4,46118490,2024-08-30 23:59:59
2024-09-02,254.03,244.31,254.2,242.65,24225650310.2,97662430,2024-09-02 23:59:59
2024-09-03,244.4,244.04,250.0,240.01,25885880197.1,105673360,2024-09-03 23:59:59
2024-09-04,244.51,253.01,253.5,242.8,17536502500.4,70652080,2024-09-04 23:59:59
2024-09-05,255.0,252.82,258.17,251.11,20008156071.4,78616830,2024-09-05 23:59:59
2024-09-06,253.01,254.77,255.35,250.31,10455174955.5,41336330,2024-09-06 23:59:59
2024-09-09,256.32,263.31,263.45,255.3,17203253856.9,66128940,2024-09-09 23:59:59
2024-09-10,264.61,261.29,264.61,258.7,15137344244.0,57937830,2024-09-10 23:59:59
2024-09-11,260.31,258.2,262.0,257.5,9961674795.0,38293710,2024-09-11 23:59:59
2024-09-12,257.8,254.93,258.68,252.85,11841477728.8,46358080,2024-09-12 23:59:59
2024-09-13,255.19,258.25,259.92,248.75,28260374145.3,111180360,2024-09-13 23:59:59
2024-09-16,259.64,263.79,264.37,257.8,13789541715.2,52643180,2024-09-16 23:59:59
2024-09-17,264.12,265.99,267.0,260.55,15202488870.0,57565620,2024-09-17 23:59:59
2024-09-18,265.73,263.4,267.99,263.15,11523855679.3,43376640,2024-09-18 23:59:59
2024-09-19,263.94,264.5,266.19,262.32,9440735658.1,35683170,2024-09-19 23:59:59
2024-09-20,264.52,269.08,269.21,264.5,10346363727.7,38767000,2024-09-20 23:59:59
2024-09-23,269.3,273.17,273.8,269.3,13432987817.1,49396850,2024-09-23 23:59:59
2024-09-24,273.9,272.92,273.94,270.5,10076908612.0,36984140,2024-09-24 23:59:59
2024-09-25,272.92,267.8,273.8,267.3,11862922074.2,43803870,2024-09-25 23:59:59
2024-09-26,267.54,267.88,269.76,265.41,8524972559.0,31888540,2024-09-26 23:59:59
2024-09-27,268.9,268.07,269.7,267.17,5073287299.4,18889430,2024-09-27 23:59:59
2024-09-30,269.26,268.49,272.33,268.14,11510452992.3,42519740,2024-09-30 23:59:59
2024-10-01,267.6,266.29,268.68,264.0,13875642502.8,52125800,2024-10-01 23:59:59
2024-10-02,266.01,259.31,268.0,258.52,12233584613.0,46519200,2024-10-02 23:59:59
2024-10-03,259.31,264.25,264.49,257.2,14759403716.9,56534560,2024-10-03 23:59:59
2024-10-04,264.96,264.09,265.44,262.11,6861324907.4,25992290,2024-10-04 23:59:59
2024-10-07,264.25,263.39,267.0,261.37,7618217009.6,28940600,2024-10-07 23:59:59
2024-10-08,263.0,262.4,263.8,261.89,4248218099.7,16163780,2024-10-08 23:59:59
2024-10-09,262.42,260.86,263.8,259.59,6531053134.9,25021350,2024-10-09 23:59:59
2024-10-10,260.88,259.98,261.64,258.91,4598989252.9,17677230,2024-10-10 23:59:59
2024-10-11,259.8,256.94,260.07,256.8,6408762717.8,24848580,2024-10-11 23:59:59
2024-10-14,256.15,261.28,263.91,254.1,16646352622.2,64205680,2024-10-14 23:59:59
2024-10-15,260.94,262.03,263.7,259.84,6879583803.8,26247370,2024-10-15 23:59:59
2024-10-16,262.05,259.5,264.72,258.45,10504935123.6,40206260,2024-10-16 23:59:59
2024-10-17,259.5,256.57,260.45,256.03,6366640213.7,24658790,2024-10-17 23:59:59
2024-10-18,256.21,257.19,258.9,254.41,7693100993.4,30020250,2024-10-18 23:59:59
2024-10-21,257.3,258.21,259.85,256.78,5547686295.3,21471680,2024-10-21 23:59:59
2024-10-22,258.1,255.42,258.8,255.25,4381858399.4,17064680,2024-10-22 23:59:59
2024-10-23,255.1,252.01,255.9,251.34,7718228941.6,30420950,2024-10-23 23:59:59
2024-10-24,252.01,252.64,254.27,250.25,7245386056.0,28764370,2024-10-24 23:59:59
2024-10-25,252.72,246.35,255.35,245.7,20126043138.8,80587930,2024-10-25 23:59:59
2024-10-28,245.02,242.56,249.0,241.61,17652871569.7,71940990,2024-10-28 23:59:59
2024-10-29,243.2,242.66,244.6,239.88,11430089075.7,47134580,2024-10-29 23:59:59
2024-10-30,242.7,241.45,246.22,241.11,9721006737.9,39826840,2024-10-30 23:59:59
2024-10-31,241.4,237.9,242.8,236.23,13737746155.2,57274130,2024-10-31 23:59:59
2024-11-01,237.9,238.03,239.1,234.57,11441541301.6,48370770,2024-11-01 23:59:59
2024-11-02,237.9,238.97,240.0,237.71,3558577653.7,14895450,2024-11-02 23:59:59
2024-11-05,239.6,239.23,241.2,238.07,6757011275.8,28172270,2024-11-05 23:59:59
2024-11-06,247.0,243.6,248.56,242.05,19402189406.5,78965200,2024-11-06 23:59:59
2024-11-07,243.26,250.93,251.0,242.16,10948449973.3,44425190,2024-11-07 23:59:59
2024-11-08,251.5,255.98,255.99,250.5,14677974806.8,58086370,2024-11-08 23:59:59
2024-11-11,257.99,260.73,261.3,256.49,17578684699.6,67847940,2024-11-11 23:59:59
2024-11-12,259.99,255.77,260.7,255.27,10539814448.5,40926850,2024-11-12 23:59:59
2024-11-13,255.29,254.7,258.96,254.05,11439153914.4,44540020,2024-11-13 23:59:59
2024-11-14,254.26,249.52,255.92,248.6,12366776262.5,49011750,2024-11-14 23:59:59
2024-11-15,249.31,253.43,254.43,248.05,11113484983.2,44201700,2024-11-15 23:59:59
2024-11-18,249.0,248.72,251.94,247.3,12859671851.2,51559910,2024-11-18 23:59:59
2024-11-19,249.03,240.59,249.83,239.62,18395321114.9,75474680,2024-11-19 23:59:59
2024-11-20,241.82,237.05,243.59,234.74,16837071934.3,70349830,2024-11-20 23:59:59
2024-11-21,237.15,240.47,240.94,234.0,17757313155.9,75143570,2024-11-21 23:59:59
2024-11-22,240.5,236.0,241.0,234.78,10836393146.5,45621420,2024-11-22 23:59:59
2024-11-25,236.0,227.81,237.1,227.25,17727272699.1,76469770,2024-11-25 23:59:59
2024-11-26,227.8,223.16,231.9,221.2,21854770442.0,96795030,2024-11-26 23:59:59
2024-11-27,223.9,226.3,226.47,219.2,25043210046.8,112457620,2024-11-27 23:59:59
2024-11-28,227.0,228.56,229.5,222.48,15359712601.0,67840700,2024-11-28 23:59:59
2024-11-29,228.48,236.49,236.99,227.55,16387603634.6,70303900,2024-11-29 23:59:59
2024-12-02,237.02,235.17,238.7,234.32,10677792835.0,45142250,2024-12-02 23:59:59
2024-12-03,235.29,230.8,235.97,230.26,10536715774.0,45322870,2024-12-03 23:59:59
2024-12-04,231.0,224.55,233.79,224.3,16617122007.6,72417390,2024-12-04 23:59:59
2024-12-05,224.57,233.48,233.75,222.82,19851593351.8,86989140,2024-12-05 23:59:59
2024-12-06,233.63,237.84,238.25,231.52,19088098358.7,81096070,2024-12-06 23:59:59
2024-12-09,239.29,237.29,240.51,236.75,12526394065.3,52493640,2024-12-09 23:59:59
2024-12-10,238.0,230.82,238.01,230.65,13710391986.5,58740230,2024-12-10 23:59:59
2024-12-11,230.5,234.19,234.39,229.22,15026987712.0,64914300,2024-12-11 23:59:59
2024-12-12,234.0,229.02,235.95,228.52,13748238586.9,59171170,2024-12-12 23:59:59
2024-12-13,228.9,228.7,231.33,227.85,10570497704.4,46124660,2024-12-13 23:59:59
2024-12-16,228.62,225.53,229.05,224.38,12350005599.1,54593280,2024-12-16 23:59:59
2024-12-17,225.6,226.5,227.49,223.72,10353636763.7,45885470,2024-12-17 23:59:59
2024-12-18,226.72,230.15,230.8,224.33,13200949659.8,58056480,2024-12-18 23:59:59
2024-12-19,230.16,229.0,234.99,227.71,28715332741.6,124061370,2024-12-19 23:59:59
2024-12-20,229.1,257.6,258.98,228.03,58117516791.8,235186220,2024-12-20 23:59:59
2024-12-23,260.0,264.9,270.0,256.51,43158379935.7,163165650,2024-12-23 23:59:59
2024-12-24,264.94,264.34,266.79,261.02,22159031394.9,83808660,2024-12-24 23:59:59
2024-12-25,263.62,271.69,273.0,260.31,33690236575.4,125539910,2024-12-25 23:59:59
2024-12-26,272.0,269.56,274.25,269.1,20555363427.4,75735270,2024-12-26 23:59:59
2024-12-27,269.61,271.2,272.16,268.57,14113195712.4,52144690,2024-12-27 23:59:59
2024-12-28,271.35,272.83,273.99,270.4,10781650537.5,39585910,2024-12-28 23:59:59
2024-12-30,274.0,279.43,279.49,273.7,14559469001.2,52633750,2024-12-30 23:59:59
